channel,sum,count
KASSA1,753.9,31
KASSA3,933.9000000000001,37
webshop_3,685.4000000000001,32
