month,sum,count
1,387.80000000000007,19
2,646.5,21
3,463.79999999999995,19
4,12.0,1
11,293.8,18
12,569.3,22
