person_types,sum,count
adult,1014.4,34
child,936.6000000000001,40
senior,422.20000000000005,26
