purchase_month,sum,count
1,318.80000000000007,19
2,347.79999999999995,16
3,166.1,7
4,18.0,2
5,109.5,3
6,53.1,4
7,12.0,1
8,213.1,5
9,104.5,3
10,95.1,8
11,400.70000000000005,14
12,534.5,18
