ticket_types,sum,count
A,1019.4000000000001,35
B,649.9000000000001,32
C,703.9000000000001,33
